Zodiac,Date_Range,Daily_Prediction,Weekly_Prediction,Monthly_Prediction,General_Tips,Year_2024,Year_2025,Year_2026,Year_2027,Year_2028,Year_2029,Year_2030,Year_2031,Year_2032,Year_2033
മേടം (Aries),March 21-April 19,ഇന്ന് നിങ്ങളുടെ ആത്മവിശ്വാസം ഉയർന്നിരിക്കും. പുതിയ പദ്ധതികൾ ആരംഭിക്കാൻ അനുയോജ്യമായ ദിവസം.,ഈ ആഴ്ച കുടുംബബന്ധങ്ങൾ മെച്ചപ്പെടും. തൊഴിൽ മേഖലയിൽ പുതിയ അവസരങ്ങൾ.,ഈ മാസം സാമ്പത്തിക നേട്ടങ്ങൾ ഉണ്ടാകും. വിദ്യാഭ്യാസ കാര്യങ്ങളിൽ മുന്നേറ്റം.,ധൈര്യത്തോടെ മുന്നോട്ട് പോകുക. സ്വയം വിശ്വാസം നിലനിർത്തുക.,കരിയറിൽ വലിയ മുന്നേറ്റം. വിദേശയാത്രകൾ സാധ്യമാകും.,വ്യാപാര-വ്യവസായ മേഖലയിൽ നേട്ടം. പുതിയ നിക്ഷേപങ്ങൾ.,വിദ്യാഭ്യാസ മേഖലയിൽ ഉന്നത വിജയം. വിവാഹ യോഗം.,അന്താരാഷ്ട്ര തലത്തിൽ അംഗീകാരം. സ്വന്തം ബിസിനസ്.,സ്ഥാനക്കയറ്റം. കുടുംബജീവിതം സന്തോഷകരം.,വിദേശത്ത് സ്ഥിരതാമസം. ധനസമ്പാദനം.,ആരോഗ്യം മെച്ചപ്പെടും. സാമൂഹിക പദവി.,സ്വന്തം വീട്. കുട്ടികളുടെ വിജയം.,ആത്മീയ പുരോഗതി. സമാധാന ജീവിതം.,ജീവിത ലക്ഷ്യം നേടും. കുടുംബ സന്തോഷം.
ഇടവം (Taurus),April 20-May 20,ഇന്ന് കുടുംബത്തിൽ സന്തോഷകരമായ അന്തരീക്ഷം. സാമ്പത്തിക കാര്യങ്ങളിൽ ശ്രദ്ധ വേണം.,ഈ ആഴ്ച ജോലിസ്ഥലത്ത് അംഗീകാരം ലഭിക്കും. യാത്രകൾ ഫലപ്രദമാകും.,വ്യാപാര മേഖലയിൽ നേട്ടം. പുതിയ നിക്ഷേപങ്ങൾക്ക് അനുകൂല സമയം.,ക്ഷമയോടെ കാര്യങ്ങൾ നേരിടുക. ആരോഗ്യം ശ്രദ്ധിക്കുക.,സ്ഥിരവരുമാനം. കുടുംബ സമാധാനം.,വിദേശ ബന്ധങ്ങൾ. ആരോഗ്യം മെച്ചപ്പെടും.,പുതിയ തൊഴിൽ അവസരങ്ങൾ. വിദ്യാഭ്യാസ നേട്ടം.,സ്വന്തം വീട്. കുടുംബാംഗങ്ങളുടെ പിന്തുണ.,ബിസിനസ് വിജയം. സാമൂഹിക അംഗീകാരം.,വിവാഹ ജീവിതം സന്തോഷകരം. ധനാഗമനം.,കുട്ടികളുടെ വിജയം. ആത്മീയ താൽപര്യം.,സ്ഥാനക്കയറ്റം. പുതിയ വാഹനം.,വിദേശയാത്ര. കുടുംബ സന്തോഷം.,സമാധാന ജീവിതം. സാമ്പത്തിക സ്ഥിരത.
മിഥുനം (Gemini),May 21-June 20,ഇന്ന് ആശയവിനിമയം ഫലപ്രദമാകും. പുതിയ പരിചയങ്ങൾ ഉണ്ടാകും.,സാമൂഹിക ബന്ധങ്ങൾ വർധിക്കും. പഠനകാര്യങ്ങളിൽ പുരോഗതി.,കലാ-സാംസ്കാരിക മേഖലയിൽ അവസരങ്ങൾ. യാത്രകൾ വിജയകരമാകും.,പുതിയ ആശയങ്ങൾ സ്വീകരിക്കുക. ബന്ധങ്ങൾ വളർത്തുക.,വിദേശ വിദ്യാഭ്യാസം. കരിയർ വളർച്ച.,പുതിയ വ്യാപാര അവസരങ്ങൾ. കുടുംബ സന്തോഷം.,സ്വന്തം സംരംഭം. വിവാഹ യോഗം.,അന്താരാഷ്ട്ര അംഗീകാരം. ധനസമ്പാദനം.,സാമൂഹിക സേവനം. ആരോഗ്യ പുരോഗതി.,കുട്ടികളുടെ വിജയം. സ്ഥാനക്കയറ്റം.,വിദേശ താമസം. ബിസിനസ് വിജയം.,പുതിയ വീട്. കുടുംബ സമാധാനം.,ആത്മീയ ജീവിതം. സാമ്പത്തിക സ്ഥിരത.,ജീവിത ലക്ഷ്യം കൈവരിക്കും.
കർക്കടകം (Cancer),June 21-July 22,കുടുംബകാര്യങ്ങളിൽ ശ്രദ്ധ കേന്ദ്രീകരിക്കും. വൈകാരിക സ്ഥിരത.,ആരോഗ്യകാര്യങ്ങളിൽ പുരോഗതി. കുടുംബാംഗങ്ങളുടെ പിന്തുണ.,വീട്ടിൽ സന്തോഷകരമായ അന്തരീക്ഷം. സാമ്പത്തിക സ്ഥിതി മെച്ചപ്പെടും.,കുടുംബബന്ധങ്ങൾ വളർത്തുക. വികാരങ്ങൾ നിയന്ത്രിക്കുക.,സ്വന്തം വീട്. കുടുംബ സമാധാനം.,വിദേശ യാത്ര. തൊഴിൽ പുരോഗതി.,വിവാഹ ജീവിതം സന്തോഷകരം. ധനലാഭം.,ബിസിനസ് വിജയം. കുട്ടികളുടെ നേട്ടം.,സാമൂഹിക അംഗീകാരം. ആരോഗ്യ പുരോഗതി.,സ്ഥാനക്കയറ്റം. പുതിയ നിക്ഷേപങ്ങൾ.,വിദേശ താമസം. കുടുംബ സന്തോഷം.,ആത്മീയ ജീവിതം. സാമ്പത്തിക സ്ഥിരത.,ജീവിത ലക്ഷ്യം നേടും. സമാധാന ജീവിതം.
ചിങ്ങം (Leo),July 23-August 22,നേതൃപാടവം തെളിയിക്കാനുള്ള അവസരം. ആത്മവിശ്വാസം ഉയർന്നിരിക്കും.,കലാ-കായിക രംഗത്ത് നേട്ടം. അധികാരസ്ഥാനം ലഭിക്കും.,തൊഴിൽ മേഖലയിൽ ഉയർച്ച. സാമൂഹിക അംഗീകാരം.,ആത്മവിശ്വാസത്തോടെ മുന്നേറുക. മറ്റുള്ളവരെ സഹായിക്കുക.,അന്താരാഷ്ട്ര അംഗീകാരം. കരിയർ വളർച്ച.,സ്വന്തം സംരംഭം. വിദേശ യാത്ര.,വിവാഹ ജീവിതം സന്തോഷകരം. ധനലാഭം.,സാമൂഹിക സേവനം. ആരോഗ്യ പുരോഗതി.,കുട്ടികളുടെ വിജയം. സ്ഥാനക്കയറ്റം.,വിദേശ താമസം. ബിസിനസ് വിജയം.,പുതിയ വീട്. കുടുംബ സമാധാനം.,ആത്മീയ ജീവിതം. സാമ്പത്തിക സ്ഥിരത.,ജീവിത ലക്ഷ്യം കൈവരിക്കും.
കന്നി (Virgo),August 23-September 22,വിശകലന ശേഷി വർധിക്കും. പ്രായോഗിക തീരുമാനങ്ങൾ എടുക്കും.,ജോലിയിൽ കൃത്യത പുലർത്തും. ആരോഗ്യം മെച്ചപ്പെടും.,പഠനകാര്യങ്ങളിൽ മികവ്. സാമ്പത്തിക നേട്ടം.,കൃത്യതയോടെ പ്രവർത്തിക്കുക. ആരോഗ്യം ശ്രദ്ധിക്കുക.,വിദേശ വിദ്യാഭ്യാസം. കരിയർ വളർച്ച.,സ്വന്തം സംരംഭം. കുടുംബ സമാധാനം.,വിവാഹ ജീവിതം സന്തോഷകരം. ധനലാഭം.,സാമൂഹിക സേവനം. ആരോഗ്യ പുരോഗതി.,ബിസിനസ് വിജയം. കുട്ടികളുടെ നേട്ടം.,സ്ഥാനക്കയറ്റം. പുതിയ നിക്ഷേപങ്ങൾ.,വിദേശ താമസം. കുടുംബ സന്തോഷം.,സ്വന്തം വീട്. സാമ്പത്തിക സ്ഥിരത.,ആത്മീയ ജീവിതം. സമാധാന ജീവിതം.,ജീവിത ലക്ഷ്യം നേടും.
തുലാം (Libra),September 23-October 22,സാമൂഹിക ബന്ധങ്ങൾ ശക്തമാകും. കലാരംഗത്ത് താൽപര്യം.,പങ്കാളിത്ത സംരംഭങ്ങൾ വിജയകരമാകും. പുതിയ കരാറുകൾ.,വിവാഹ കാര്യങ്ങളിൽ പുരോഗതി. നിയമകാര്യങ്ങളിൽ നേട്ടം.,സന്തുലിതമായി തീരുമാനങ്ങൾ എടുക്കുക. സൗന്ദര്യബോധം വളർത്തുക.,വിദേശ യാത്ര. കരിയർ വളർച്ച.,സ്വന്തം സംരംഭം. കുടുംബ സമാധാനം.,വിവാഹ ജീവിതം സന്തോഷകരം. ധനലാഭം.,സാമൂഹിക സേവനം. ആരോഗ്യ പുരോഗതി.,ബിസിനസ് വിജയം. കുട്ടികളുടെ നേട്ടം.,സ്ഥാനക്കയറ്റം. പുതിയ നിക്ഷേപങ്ങൾ.,വിദേശ താമസം. കുടുംബ സന്തോഷം.,സ്വന്തം വീട്. സാമ്പത്തിക സ്ഥിരത.,ആത്മീയ ജീവിതം. സമാധാന ജീവിതം.,ജീവിത ലക്ഷ്യം കൈവരിക്കും.
വൃശ്ചികം (Scorpio),October 23-November 21,ആന്തരിക ശക്തി വർധിക്കും. രഹസ്യങ്ങൾ വെളിപ്പെടും.,ഗവേഷണ പ്രവർത്തനങ്ങൾ വിജയകരം. ആത്മീയ താൽപര്യം.,പുതിയ നിക്ഷേപങ്ങൾ ലാഭകരമാകും. ആത്മീയ പുരോഗതി.,ആത്മവിശ്വാസത്തോടെ മുന്നേറുക. രഹസ്യങ്ങൾ സൂക്ഷിക്കുക.,വിദേശ വിദ്യാഭ്യാസം. കരിയർ വളർച്ച.,സ്വന്തം സംരംഭം. കുടുംബ സമാധാനം.,വിവാഹ ജീവിതം സന്തോഷകരം. ധനലാഭം.,സാമൂഹിക സേവനം. ആരോഗ്യ പുരോഗതി.,ബിസിനസ് വിജയം. കുട്ടികളുടെ നേട്ടം.,സ്ഥാനക്കയറ്റം. പുതിയ നിക്ഷേപങ്ങൾ.,വിദേശ താമസം. കുടുംബ സന്തോഷം.,സ്വന്തം വീട്. സാമ്പത്തിക സ്ഥിരത.,ആത്മീയ ജീവിതം. സമാധാന ജീവിതം.,ജീവിത ലക്ഷ്യം നേടും.
ധനു (Sagittarius),November 22-December 21,വിദേശ ബന്ധങ്ങൾ വർധിക്കും. ദീർഘദൂര യാത്രകൾ.,ഉന്നത വിദ്യാഭ്യാസ അവസരങ്ങൾ. വിദേശ യാത്രകൾ.,അന്താരാഷ്ട്ര തലത്തിൽ നേട്ടം. ആത്മീയ വളർച്ച.,സത്യസന്ധതയോടെ പ്രവർത്തിക്കുക. വിജ്ഞാനം വർധിപ്പിക്കുക.,വിദേശ വിദ്യാഭ്യാസം. കരിയർ വളർച്ച.,സ്വന്തം സംരംഭം. കുടുംബ സമാധാനം.,വിവാഹ ജീവിതം സന്തോഷകരം. ധനലാഭം.,സാമൂഹിക സേവനം. ആരോഗ്യ പുരോഗതി.,ബിസിനസ് വിജയം. കുട്ടികളുടെ നേട്ടം.,സ്ഥാനക്കയറ്റം. പുതിയ നിക്ഷേപങ്ങൾ.,വിദേശ താമസം. കുടുംബ സന്തോഷം.,സ്വന്തം വീട്. സാമ്പത്തിക സ്ഥിരത.,ആത്മീയ ജീവിതം. സമാധാന ജീവിതം.,ജീവിത ലക്ഷ്യം കൈവരിക്കും.
മകരം (Capricorn),December 22-January 19,കർമ്മരംഗത്ത് കഠിനാധ്വാനം. ഉത്തരവാദിത്വങ്ങൾ വർധിക്കും.,തൊഴിൽ മേഖലയിൽ അംഗീകാരം. സാമ്പത്തിക നേട്ടം.,കരിയറിൽ ഉയർച്ച. ബിസിനസ്സ് വിജയകരം.,അച്ചടക്കത്തോടെ പ്രവർത്തിക്കുക. ലക്ഷ്യബോധം നിലനിർത്തുക.,വിദേശ വിദ്യാഭ്യാസം. കരിയർ വളർച്ച.,സ്വന്തം സംരംഭം. കുടുംബ സമാധാനം.,വിവാഹ ജീവിതം സന്തോഷകരം. ധനലാഭം.,സാമൂഹിക സേവനം. ആരോഗ്യ പുരോഗതി.,ബിസിനസ് വിജയം. കുട്ടികളുടെ നേട്ടം.,സ്ഥാനക്കയറ്റം. പുതിയ നിക്ഷേപങ്ങൾ.,വിദേശ താമസം. കുടുംബ സന്തോഷം.,സ്വന്തം വീട്. സാമ്പത്തിക സ്ഥിരത.,ആത്മീയ ജീവിതം. സമാധാന ജീവിതം.,ജീവിത ലക്ഷ്യം നേടും.
കുംഭം (Aquarius),January 20-February 18,പുതിയ ആശയങ്ങൾ രൂപപ്പെടും. സാമൂഹിക പ്രവർത്തനങ്ങൾ.,സുഹൃദ് ബന്ധങ്ങൾ വർധിക്കും. സാങ്കേതിക വിദ്യയിൽ താൽപര്യം.,സാമൂഹിക സേവനത്തിന് അവസരം. നവീന ആശയങ്ങൾ.,നവീനമായ ചിന്തകൾ വളർത്തുക. മാനവസേവ ചെയ്യുക.,വിദേശ വിദ്യാഭ്യാസം. കരിയർ വളർച്ച.,സ്വന്തം സംരംഭം. കുടുംബ സമാധാനം.,വിവാഹ ജീവിതം സന്തോഷകരം. ധനലാഭം.,സാമൂഹിക സേവനം. ആരോഗ്യ പുരോഗതി.,ബിസിനസ് വിജയം. കുട്ടികളുടെ നേട്ടം.,സ്ഥാനക്കയറ്റം. പുതിയ നിക്ഷേപങ്ങൾ.,വിദേശ താമസം. കുടുംബ സന്തോഷം.,സ്വന്തം വീട്. സാമ്പത്തിക സ്ഥിരത.,ആത്മീയ ജീവിതം. സമാധാന ജീവിതം.,ജീവിത ലക്ഷ്യം കൈവരിക്കും.
മീനം (Pisces),February 19-March 20,സർഗാത്മക ചിന്തകൾ ഉണരും. ആത്മീയ താൽപര്യം വർധിക്കും.,കലാപരമായ പ്രവർത്തനങ്ങൾ വിജയകരം. സ്വപ്നങ്ങൾ സാക്ഷാത്കരിക്കും.,ആത്മീയ പുരോഗതി. കലാരംഗത്ത് അംഗീകാരം.,സർഗാത്മകത വളർത്തുക. ദയാലുവായിരിക്കുക.,വിദേശ വിദ്യാഭ്യാസം. കരിയർ വളർച്ച.,സ്വന്തം സംരംഭം. കുടുംബ സമാധാനം.,വിവാഹ ജീവിതം സന്തോഷകരം. ധനലാഭം.,സാമൂഹിക സേവനം. ആരോഗ്യ പുരോഗതി.,ബിസിനസ് വിജയം. കുട്ടികളുടെ നേട്ടം.,സ്ഥാനക്കയറ്റം. പുതിയ നിക്ഷേപങ്ങൾ.,വിദേശ താമസം. കുടുംബ സന്തോഷം.,സ്വന്തം വീട്. സാമ്പത്തിക സ്ഥിരത.,ആത്മീയ ജീവിതം. സമാധാന ജീവിതം.,ജീവിത ലക്ഷ്യം കൈവരിക്കും. 